Area of residence,Area of workplace,All categories: Method of travel to work,Work mainly at or from home,"Underground, metro, light rail, tram",Train,"Bus, minibus or coach",Taxi,"Motorcycle, scooter or moped",Driving a car or van,Passenger in a car or van,Bicycle,On foot,Other method of travel to work,city_origin,city_dest
E02002868,E02002868,133,0,2,0,5,2,0,40,6,2,76,0,Nottingham,Nottingham
E02002868,E02002869,70,0,0,0,9,4,0,37,5,2,13,0,Nottingham,Nottingham
E02002868,E02002871,20,0,0,0,0,1,0,13,1,0,5,0,Nottingham,Nottingham
E02002868,E02002872,56,0,0,0,4,1,1,42,2,1,5,0,Nottingham,Nottingham
E02002868,E02002873,12,0,0,0,5,0,0,7,0,0,0,0,Nottingham,Nottingham
E02002868,E02002874,137,0,0,0,34,0,0,87,9,1,6,0,Nottingham,Nottingham
E02002868,E02002875,17,0,0,0,0,0,0,12,1,0,4,0,Nottingham,Nottingham
E02002868,E02002876,29,0,1,0,5,0,1,19,2,1,0,0,Nottingham,Nottingham
E02002868,E02002877,23,0,0,0,4,0,0,19,0,0,0,0,Nottingham,Nottingham
E02002868,E02002879,39,0,0,0,5,0,0,30,1,1,1,1,Nottingham,Nottingham
E02002868,E02002881,20,0,0,0,1,0,0,16,3,0,0,0,Nottingham,Nottingham
E02002868,E02002882,17,0,0,0,5,0,0,9,3,0,0,0,Nottingham,Nottingham
E02002868,E02002883,11,0,0,0,1,0,0,8,1,1,0,0,Nottingham,Nottingham
E02002868,E02002884,33,0,0,0,9,0,0,22,1,0,1,0,Nottingham,Nottingham
E02002868,E02002885,18,0,1,0,2,0,0,13,1,0,1,0,Nottingham,Nottingham
E02002868,E02002886,19,0,1,0,2,0,0,14,1,0,1,0,Nottingham,Nottingham
E02002868,E02002889,58,0,5,0,18,0,2,27,4,0,2,0,Nottingham,Nottingham
E02002868,E02002890,102,0,3,0,57,0,0,32,5,1,4,0,Nottingham,Nottingham
E02002868,E02002892,18,0,0,0,5,0,0,12,1,0,0,0,Nottingham,Nottingham
E02002868,E02002893,26,0,0,0,8,1,0,15,0,2,0,0,Nottingham,Nottingham
E02002868,E02002895,43,0,5,0,21,0,0,16,1,0,0,0,Nottingham,Nottingham
E02002868,E02002896,41,0,0,0,10,0,1,27,0,3,0,0,Nottingham,Nottingham
E02002868,E02002898,88,0,1,0,29,0,0,50,4,3,1,0,Nottingham,Nottingham
E02002868,E02002899,26,0,0,0,5,0,1,19,1,0,0,0,Nottingham,Nottingham
E02002868,E02006834,31,0,0,0,3,0,0,19,3,1,5,0,Nottingham,Nottingham
E02002868,E02006835,22,0,0,0,2,0,0,14,3,0,3,0,Nottingham,Nottingham
E02002868,E02006904,159,0,22,2,75,0,6,46,1,4,2,1,Nottingham,Nottingham
E02002868,E02006905,45,0,1,0,14,0,0,28,2,0,0,0,Nottingham,Nottingham
E02002869,E02002868,18,0,0,0,1,0,0,7,1,4,5,0,Nottingham,Nottingham
E02002869,E02002869,325,0,7,0,19,3,0,80,10,5,201,0,Nottingham,Nottingham
E02002869,E02002871,51,0,4,0,6,1,0,20,0,4,16,0,Nottingham,Nottingham
E02002869,E02002872,116,0,3,0,8,4,1,39,9,6,45,1,Nottingham,Nottingham
E02002869,E02002874,93,0,3,0,34,0,0,45,5,4,2,0,Nottingham,Nottingham
E02002869,E02002875,30,0,3,2,6,0,0,12,2,4,1,0,Nottingham,Nottingham
E02002869,E02002876,29,0,2,0,9,1,0,11,2,1,2,1,Nottingham,Nottingham
E02002869,E02002877,18,0,0,1,4,0,0,10,2,0,1,0,Nottingham,Nottingham
E02002869,E02002879,41,0,5,0,13,0,1,17,4,0,0,1,Nottingham,Nottingham
E02002869,E02002881,22,0,0,0,3,1,0,13,3,0,2,0,Nottingham,Nottingham
E02002869,E02002884,26,0,1,0,9,0,0,16,0,0,0,0,Nottingham,Nottingham
E02002869,E02002885,33,0,16,0,3,0,0,9,4,0,1,0,Nottingham,Nottingham
E02002869,E02002886,23,0,2,0,1,0,0,16,1,1,2,0,Nottingham,Nottingham
E02002869,E02002887,30,0,0,0,7,0,0,17,1,0,5,0,Nottingham,Nottingham
E02002869,E02002889,50,0,19,0,22,0,0,6,1,0,2,0,Nottingham,Nottingham
E02002869,E02002890,67,0,17,0,20,0,0,22,1,2,5,0,Nottingham,Nottingham
E02002869,E02002892,15,0,0,0,6,0,0,6,1,2,0,0,Nottingham,Nottingham
E02002869,E02002893,32,0,5,0,8,0,0,12,2,3,2,0,Nottingham,Nottingham
E02002869,E02002895,38,0,8,0,8,0,0,20,1,1,0,0,Nottingham,Nottingham
E02002869,E02002896,41,0,9,1,6,0,0,22,0,0,3,0,Nottingham,Nottingham
E02002869,E02002898,82,0,4,1,29,0,2,33,6,5,2,0,Nottingham,Nottingham
E02002869,E02002899,19,0,0,0,4,0,0,13,1,1,0,0,Nottingham,Nottingham
E02002869,E02006834,11,0,0,0,0,0,0,9,1,0,1,0,Nottingham,Nottingham
E02002869,E02006835,11,0,1,0,2,0,0,4,1,0,3,0,Nottingham,Nottingham
E02002869,E02006904,202,0,70,6,53,1,1,48,10,3,8,2,Nottingham,Nottingham
E02002869,E02006905,54,0,13,0,7,1,1,26,5,1,0,0,Nottingham,Nottingham
E02002871,E02002868,60,0,1,0,2,0,0,22,6,3,26,0,Nottingham,Nottingham
E02002871,E02002869,200,0,0,0,14,1,0,74,9,5,97,0,Nottingham,Nottingham
E02002871,E02002871,141,0,2,0,10,1,0,39,7,5,77,0,Nottingham,Nottingham
E02002871,E02002872,132,0,2,0,10,0,0,64,16,3,37,0,Nottingham,Nottingham
E02002871,E02002874,168,0,0,0,60,1,1,73,19,1,13,0,Nottingham,Nottingham
E02002871,E02002875,57,0,2,0,3,0,0,26,9,2,15,0,Nottingham,Nottingham
E02002871,E02002876,41,0,1,0,6,1,0,22,5,1,5,0,Nottingham,Nottingham
E02002871,E02002877,28,0,0,0,9,0,0,17,1,1,0,0,Nottingham,Nottingham
E02002871,E02002879,65,0,0,0,14,1,0,36,5,2,7,0,Nottingham,Nottingham
E02002871,E02002881,29,0,0,0,3,0,0,21,4,0,1,0,Nottingham,Nottingham
E02002871,E02002882,29,0,1,0,8,0,0,16,3,1,0,0,Nottingham,Nottingham
E02002871,E02002883,12,0,0,0,2,0,1,7,2,0,0,0,Nottingham,Nottingham
E02002871,E02002884,43,0,0,0,14,0,0,26,2,0,1,0,Nottingham,Nottingham
E02002871,E02002885,39,0,4,0,11,0,0,18,3,0,1,2,Nottingham,Nottingham
E02002871,E02002886,31,0,2,0,0,0,0,21,4,1,3,0,Nottingham,Nottingham
E02002871,E02002887,49,0,1,0,10,0,0,35,1,2,0,0,Nottingham,Nottingham
E02002871,E02002889,57,0,8,0,25,0,0,19,2,2,1,0,Nottingham,Nottingham
E02002871,E02002890,116,0,8,0,67,0,2,31,4,0,4,0,Nottingham,Nottingham
E02002871,E02002892,20,0,0,0,6,0,1,10,0,2,1,0,Nottingham,Nottingham
E02002871,E02002893,39,0,0,0,7,0,0,27,2,2,1,0,Nottingham,Nottingham
E02002871,E02002895,55,0,8,0,17,0,0,26,2,1,0,1,Nottingham,Nottingham
E02002871,E02002896,66,0,0,1,16,1,3,38,2,3,1,1,Nottingham,Nottingham
E02002871,E02002898,155,0,1,0,37,0,1,90,12,13,1,0,Nottingham,Nottingham
E02002871,E02002899,30,0,1,0,13,0,0,13,0,2,1,0,Nottingham,Nottingham
E02002871,E02006834,12,0,0,0,1,0,0,10,0,0,1,0,Nottingham,Nottingham
E02002871,E02006835,24,0,0,0,5,1,0,12,0,1,5,0,Nottingham,Nottingham
E02002871,E02006904,291,0,40,11,123,2,2,86,9,7,7,4,Nottingham,Nottingham
E02002871,E02006905,97,0,2,3,22,0,0,57,8,2,3,0,Nottingham,Nottingham
E02002872,E02002868,31,0,0,0,7,0,0,15,0,3,6,0,Nottingham,Nottingham
E02002872,E02002869,300,0,7,2,32,2,1,88,18,9,140,1,Nottingham,Nottingham
E02002872,E02002871,55,0,1,0,10,1,1,19,2,3,18,0,Nottingham,Nottingham
E02002872,E02002872,236,0,3,0,19,2,5,82,6,18,101,0,Nottingham,Nottingham
E02002872,E02002874,116,0,1,0,44,0,1,57,10,1,2,0,Nottingham,Nottingham
E02002872,E02002875,48,0,2,0,7,0,1,23,8,0,7,0,Nottingham,Nottingham
E02002872,E02002876,60,0,2,0,10,0,0,35,4,1,8,0,Nottingham,Nottingham
E02002872,E02002877,17,0,0,0,6,0,0,11,0,0,0,0,Nottingham,Nottingham
E02002872,E02002879,58,0,2,0,18,1,2,25,7,0,3,0,Nottingham,Nottingham
E02002872,E02002881,41,0,0,0,0,0,0,34,5,1,1,0,Nottingham,Nottingham
E02002872,E02002882,20,0,0,0,8,0,0,11,0,0,1,0,Nottingham,Nottingham
E02002872,E02002884,46,0,0,0,11,0,0,30,1,0,4,0,Nottingham,Nottingham
E02002872,E02002885,50,0,16,2,5,0,0,22,2,0,2,1,Nottingham,Nottingham
E02002872,E02002886,40,0,0,0,13,0,0,23,3,0,1,0,Nottingham,Nottingham
E02002872,E02002887,48,0,0,0,14,0,0,26,2,3,3,0,Nottingham,Nottingham
E02002872,E02002889,54,0,16,0,21,0,0,11,4,0,2,0,Nottingham,Nottingham
E02002872,E02002890,81,0,8,1,33,0,1,31,1,2,2,2,Nottingham,Nottingham
E02002872,E02002891,11,0,0,0,2,0,0,8,1,0,0,0,Nottingham,Nottingham
E02002872,E02002892,35,0,0,0,4,0,0,26,0,2,3,0,Nottingham,Nottingham
E02002872,E02002893,39,0,6,0,15,0,0,15,2,1,0,0,Nottingham,Nottingham
E02002872,E02002895,54,0,9,0,24,0,0,16,3,1,0,1,Nottingham,Nottingham
E02002872,E02002896,48,0,0,0,16,2,0,27,0,1,2,0,Nottingham,Nottingham
E02002872,E02002898,121,0,2,0,25,0,1,73,14,5,1,0,Nottingham,Nottingham
E02002872,E02002899,30,0,1,0,6,0,0,21,0,1,1,0,Nottingham,Nottingham
E02002872,E02006834,14,0,1,0,0,0,0,11,1,0,1,0,Nottingham,Nottingham
E02002872,E02006904,259,0,64,4,85,3,2,82,5,7,6,1,Nottingham,Nottingham
E02002872,E02006905,86,0,7,2,15,0,0,51,5,1,4,1,Nottingham,Nottingham
E02002873,E02002868,64,0,0,1,9,0,0,20,5,0,29,0,Nottingham,Nottingham
E02002873,E02002869,77,0,0,0,31,0,1,31,7,0,7,0,Nottingham,Nottingham
E02002873,E02002871,31,0,0,0,3,0,0,12,3,1,12,0,Nottingham,Nottingham
E02002873,E02002872,50,0,1,0,15,0,0,21,8,4,1,0,Nottingham,Nottingham
E02002873,E02002873,96,0,1,0,12,1,0,31,3,2,46,0,Nottingham,Nottingham
E02002873,E02002874,269,0,0,0,31,1,0,73,15,6,143,0,Nottingham,Nottingham
E02002873,E02002875,51,0,0,1,4,1,0,27,2,4,12,0,Nottingham,Nottingham
E02002873,E02002876,19,0,0,0,1,0,0,12,0,1,5,0,Nottingham,Nottingham
E02002873,E02002877,50,0,1,0,14,2,0,19,7,0,7,0,Nottingham,Nottingham
E02002873,E02002879,56,0,0,0,12,2,0,32,5,1,4,0,Nottingham,Nottingham
E02002873,E02002881,27,0,0,0,3,0,0,19,3,1,1,0,Nottingham,Nottingham
E02002873,E02002882,36,0,0,0,21,0,0,10,4,0,1,0,Nottingham,Nottingham
E02002873,E02002883,17,0,0,0,4,0,1,12,0,0,0,0,Nottingham,Nottingham
E02002873,E02002884,49,0,0,0,19,0,1,27,1,0,1,0,Nottingham,Nottingham
E02002873,E02002885,31,0,1,0,6,0,0,22,1,0,1,0,Nottingham,Nottingham
E02002873,E02002886,24,0,0,0,7,0,0,14,1,2,0,0,Nottingham,Nottingham
E02002873,E02002887,30,0,0,0,5,0,0,21,2,0,2,0,Nottingham,Nottingham
E02002873,E02002888,13,0,0,0,2,0,0,8,2,1,0,0,Nottingham,Nottingham
E02002873,E02002889,94,0,8,0,46,2,0,29,1,1,6,1,Nottingham,Nottingham
E02002873,E02002890,140,0,0,1,85,2,1,37,5,5,4,0,Nottingham,Nottingham
E02002873,E02002892,26,0,0,0,8,0,0,14,1,1,2,0,Nottingham,Nottingham
E02002873,E02002893,34,0,0,0,14,1,0,15,0,1,3,0,Nottingham,Nottingham
E02002873,E02002895,74,0,1,0,43,0,0,20,3,3,4,0,Nottingham,Nottingham
E02002873,E02002896,83,0,0,0,33,1,2,42,4,0,1,0,Nottingham,Nottingham
E02002873,E02002898,190,0,0,0,66,1,0,94,12,11,5,1,Nottingham,Nottingham
E02002873,E02002899,30,0,0,0,8,0,1,18,1,1,1,0,Nottingham,Nottingham
E02002873,E02006834,50,0,0,0,5,0,0,15,1,1,26,2,Nottingham,Nottingham
E02002873,E02006835,24,0,0,0,7,0,0,11,1,1,4,0,Nottingham,Nottingham
E02002873,E02006904,317,0,11,0,182,0,3,84,19,5,12,1,Nottingham,Nottingham
E02002873,E02006905,79,0,0,0,36,0,2,35,4,0,2,0,Nottingham,Nottingham
E02002874,E02002868,23,0,0,0,14,0,0,9,0,0,0,0,Nottingham,Nottingham
E02002874,E02002869,15,0,1,0,1,0,0,12,1,0,0,0,Nottingham,Nottingham
E02002874,E02002871,15,0,0,0,4,0,0,9,0,1,1,0,Nottingham,Nottingham
E02002874,E02002872,22,0,1,0,6,0,0,11,2,1,1,0,Nottingham,Nottingham
E02002874,E02002873,13,0,0,0,3,0,0,6,1,0,3,0,Nottingham,Nottingham
E02002874,E02002874,332,0,1,1,18,3,3,76,7,4,219,0,Nottingham,Nottingham
E02002874,E02002876,14,0,0,0,3,0,0,9,0,0,2,0,Nottingham,Nottingham
E02002874,E02002877,84,0,0,0,7,1,4,34,5,2,31,0,Nottingham,Nottingham
E02002874,E02002879,53,0,0,0,8,0,0,25,6,2,12,0,Nottingham,Nottingham
E02002874,E02002881,24,0,0,0,2,0,0,20,1,0,1,0,Nottingham,Nottingham
E02002874,E02002882,28,0,0,0,6,0,0,16,4,0,2,0,Nottingham,Nottingham
E02002874,E02002883,19,0,0,0,5,0,0,10,0,0,4,0,Nottingham,Nottingham
E02002874,E02002884,52,0,1,0,18,0,0,25,3,0,5,0,Nottingham,Nottingham
E02002874,E02002885,46,0,0,0,9,1,0,31,2,1,2,0,Nottingham,Nottingham
E02002874,E02002886,24,0,0,0,5,0,0,15,0,2,2,0,Nottingham,Nottingham
E02002874,E02002887,17,0,0,0,4,0,0,12,0,0,1,0,Nottingham,Nottingham
E02002874,E02002888,15,0,0,1,3,1,0,9,0,0,1,0,Nottingham,Nottingham
E02002874,E02002889,103,0,0,0,46,0,1,42,7,3,4,0,Nottingham,Nottingham
E02002874,E02002890,122,0,0,0,63,1,0,37,7,1,13,0,Nottingham,Nottingham
E02002874,E02002892,15,0,0,0,3,0,0,10,0,1,1,0,Nottingham,Nottingham
E02002874,E02002893,32,0,0,0,17,0,0,14,0,0,1,0,Nottingham,Nottingham
E02002874,E02002895,86,0,0,0,47,0,0,22,6,5,6,0,Nottingham,Nottingham
E02002874,E02002896,56,0,1,0,16,1,1,29,5,0,3,0,Nottingham,Nottingham
E02002874,E02002898,150,0,1,0,66,0,2,59,7,10,5,0,Nottingham,Nottingham
E02002874,E02002899,41,0,0,0,14,0,1,20,0,3,3,0,Nottingham,Nottingham
E02002874,E02006834,14,0,0,0,1,1,0,8,1,0,3,0,Nottingham,Nottingham
E02002874,E02006904,272,0,11,1,150,3,1,58,12,14,22,0,Nottingham,Nottingham
E02002874,E02006905,79,0,1,0,24,0,0,39,10,2,2,1,Nottingham,Nottingham
E02002875,E02002868,29,0,0,0,5,0,0,14,0,1,9,0,Nottingham,Nottingham
E02002875,E02002869,85,0,4,0,19,2,0,39,5,0,16,0,Nottingham,Nottingham
E02002875,E02002871,44,0,0,0,8,0,0,14,1,2,19,0,Nottingham,Nottingham
E02002875,E02002872,73,0,8,0,16,0,1,31,7,5,5,0,Nottingham,Nottingham
E02002875,E02002873,11,0,0,0,0,0,0,5,1,0,5,0,Nottingham,Nottingham
E02002875,E02002874,204,0,3,0,17,0,1,63,11,1,108,0,Nottingham,Nottingham
E02002875,E02002875,127,0,1,0,12,0,1,38,2,3,70,0,Nottingham,Nottingham
E02002875,E02002876,84,0,3,0,9,2,0,33,10,5,22,0,Nottingham,Nottingham
E02002875,E02002877,39,0,1,0,7,0,0,26,1,1,3,0,Nottingham,Nottingham
E02002875,E02002879,83,0,1,0,14,0,1,47,3,0,17,0,Nottingham,Nottingham
E02002875,E02002881,28,0,0,0,0,0,0,24,3,0,1,0,Nottingham,Nottingham
E02002875,E02002882,26,0,0,0,8,0,0,15,1,1,1,0,Nottingham,Nottingham
E02002875,E02002883,14,0,0,0,1,0,0,12,0,0,1,0,Nottingham,Nottingham
E02002875,E02002884,65,0,1,0,11,0,1,42,1,1,8,0,Nottingham,Nottingham
E02002875,E02002885,52,0,4,0,9,1,0,29,4,0,5,0,Nottingham,Nottingham
E02002875,E02002886,38,0,0,0,1,0,1,22,3,2,9,0,Nottingham,Nottingham
E02002875,E02002887,38,0,0,0,5,0,1,24,4,1,3,0,Nottingham,Nottingham
E02002875,E02002888,11,0,0,0,3,0,0,7,1,0,0,0,Nottingham,Nottingham
E02002875,E02002889,85,0,34,0,20,0,0,26,2,1,0,2,Nottingham,Nottingham
E02002875,E02002890,138,0,10,0,74,0,0,35,4,4,10,1,Nottingham,Nottingham
E02002875,E02002892,33,0,0,0,3,0,0,20,6,4,0,0,Nottingham,Nottingham
E02002875,E02002893,52,0,6,0,10,0,0,32,0,1,3,0,Nottingham,Nottingham
E02002875,E02002895,87,0,27,0,25,0,0,25,5,2,3,0,Nottingham,Nottingham
E02002875,E02002896,56,0,1,0,17,0,0,35,0,2,1,0,Nottingham,Nottingham
E02002875,E02002898,168,0,2,0,60,0,4,74,16,8,3,1,Nottingham,Nottingham
E02002875,E02002899,42,0,3,0,11,0,0,24,0,3,0,1,Nottingham,Nottingham
E02002875,E02006834,14,0,0,0,4,0,0,10,0,0,0,0,Nottingham,Nottingham
E02002875,E02006835,17,0,2,0,4,0,0,9,1,0,1,0,Nottingham,Nottingham
E02002875,E02006904,292,0,85,0,101,0,2,68,10,4,16,6,Nottingham,Nottingham
E02002875,E02006905,77,0,6,0,13,0,0,52,6,0,0,0,Nottingham,Nottingham
E02002876,E02002868,11,0,0,0,1,0,0,10,0,0,0,0,Nottingham,Nottingham
E02002876,E02002869,77,0,6,0,12,0,1,42,2,6,8,0,Nottingham,Nottingham
E02002876,E02002871,30,0,1,0,2,1,0,14,5,0,7,0,Nottingham,Nottingham
E02002876,E02002872,56,0,1,0,12,0,0,23,4,3,12,1,Nottingham,Nottingham
E02002876,E02002874,101,0,1,0,21,3,0,53,7,3,13,0,Nottingham,Nottingham
E02002876,E02002875,56,0,0,0,1,0,0,31,3,2,19,0,Nottingham,Nottingham
E02002876,E02002876,141,0,8,0,12,0,0,49,7,1,64,0,Nottingham,Nottingham
E02002876,E02002877,20,0,1,0,2,0,0,16,0,1,0,0,Nottingham,Nottingham
E02002876,E02002878,15,0,0,0,2,0,0,8,1,0,4,0,Nottingham,Nottingham
E02002876,E02002879,73,0,4,0,9,0,0,40,4,0,16,0,Nottingham,Nottingham
E02002876,E02002881,30,0,1,0,4,0,0,17,3,1,4,0,Nottingham,Nottingham
E02002876,E02002882,17,0,0,0,5,0,0,10,0,0,2,0,Nottingham,Nottingham
E02002876,E02002884,48,0,3,0,8,0,0,27,2,1,7,0,Nottingham,Nottingham
E02002876,E02002885,67,0,5,2,3,0,0,34,4,4,14,1,Nottingham,Nottingham
E02002876,E02002886,62,0,1,0,5,0,0,42,6,0,8,0,Nottingham,Nottingham
E02002876,E02002887,58,0,0,0,5,2,2,31,5,5,8,0,Nottingham,Nottingham
E02002876,E02002888,25,0,0,0,5,0,0,17,3,0,0,0,Nottingham,Nottingham
E02002876,E02002889,97,0,35,0,31,0,0,21,1,3,5,1,Nottingham,Nottingham
E02002876,E02002890,133,0,29,0,48,0,1,36,3,4,12,0,Nottingham,Nottingham
E02002876,E02002892,33,0,0,0,7,0,0,13,3,9,1,0,Nottingham,Nottingham
E02002876,E02002893,47,0,1,0,4,2,0,36,1,0,3,0,Nottingham,Nottingham
E02002876,E02002894,15,0,0,0,2,0,1,11,1,0,0,0,Nottingham,Nottingham
E02002876,E02002895,79,0,21,0,22,0,0,29,2,2,2,1,Nottingham,Nottingham
E02002876,E02002896,67,0,5,0,22,1,1,32,1,4,1,0,Nottingham,Nottingham
E02002876,E02002898,168,0,7,0,48,1,1,89,7,10,5,0,Nottingham,Nottingham
E02002876,E02002899,43,0,1,0,7,0,0,18,6,7,4,0,Nottingham,Nottingham
E02002876,E02006904,317,0,125,0,69,0,2,90,12,7,7,5,Nottingham,Nottingham
E02002876,E02006905,92,0,18,0,16,0,0,48,4,2,4,0,Nottingham,Nottingham
E02002877,E02002868,12,0,0,0,2,0,0,7,3,0,0,0,Nottingham,Nottingham
E02002877,E02002869,27,0,0,0,10,0,0,12,3,2,0,0,Nottingham,Nottingham
E02002877,E02002871,22,0,0,0,6,1,0,13,0,2,0,0,Nottingham,Nottingham
E02002877,E02002872,25,0,1,0,7,0,0,15,1,1,0,0,Nottingham,Nottingham
E02002877,E02002874,123,0,0,0,19,0,0,38,6,9,51,0,Nottingham,Nottingham
E02002877,E02002875,15,0,0,0,1,0,0,11,3,0,0,0,Nottingham,Nottingham
E02002877,E02002876,18,0,0,0,4,0,0,8,0,1,5,0,Nottingham,Nottingham
E02002877,E02002877,161,0,0,2,25,0,1,46,3,6,78,0,Nottingham,Nottingham
E02002877,E02002879,49,0,0,0,4,0,0,24,2,2,17,0,Nottingham,Nottingham
E02002877,E02002881,24,0,0,0,5,1,0,16,0,2,0,0,Nottingham,Nottingham
E02002877,E02002882,40,0,0,0,11,0,2,8,1,1,17,0,Nottingham,Nottingham
E02002877,E02002883,35,0,0,0,7,0,0,13,2,1,12,0,Nottingham,Nottingham
E02002877,E02002884,94,0,0,0,16,0,0,32,5,7,33,1,Nottingham,Nottingham
E02002877,E02002885,44,0,1,0,8,0,0,24,3,3,5,0,Nottingham,Nottingham
E02002877,E02002886,33,0,0,0,1,0,0,25,4,2,1,0,Nottingham,Nottingham
E02002877,E02002887,25,0,0,0,5,0,0,18,1,1,0,0,Nottingham,Nottingham
E02002877,E02002888,26,0,0,0,6,0,0,16,1,2,1,0,Nottingham,Nottingham
E02002877,E02002889,193,0,3,0,81,0,1,50,7,17,33,1,Nottingham,Nottingham
E02002877,E02002890,161,0,1,0,78,1,0,45,7,8,20,1,Nottingham,Nottingham
E02002877,E02002892,22,0,0,0,3,0,0,16,2,1,0,0,Nottingham,Nottingham
E02002877,E02002893,41,0,0,1,6,1,0,28,3,0,2,0,Nottingham,Nottingham
E02002877,E02002895,127,0,2,1,59,0,0,40,7,9,8,1,Nottingham,Nottingham
E02002877,E02002896,57,0,0,0,14,1,2,31,4,3,2,0,Nottingham,Nottingham
E02002877,E02002898,150,0,0,2,50,1,2,76,5,12,2,0,Nottingham,Nottingham
E02002877,E02002899,70,0,1,0,22,0,0,33,5,7,2,0,Nottingham,Nottingham
E02002877,E02006904,414,0,6,1,212,1,2,101,14,30,47,0,Nottingham,Nottingham
E02002877,E02006905,82,0,1,0,21,1,0,39,3,10,7,0,Nottingham,Nottingham
E02002878,E02002869,74,0,0,1,32,3,1,24,3,1,9,0,Nottingham,Nottingham
E02002878,E02002871,19,0,0,0,3,0,0,8,2,2,4,0,Nottingham,Nottingham
E02002878,E02002872,72,0,2,0,10,1,0,36,4,2,17,0,Nottingham,Nottingham
E02002878,E02002874,52,0,0,0,20,0,0,22,5,1,4,0,Nottingham,Nottingham
E02002878,E02002875,30,0,4,1,3,1,0,13,2,2,4,0,Nottingham,Nottingham
E02002878,E02002876,46,0,0,0,5,1,0,19,2,1,18,0,Nottingham,Nottingham
E02002878,E02002877,18,0,1,0,7,0,0,10,0,0,0,0,Nottingham,Nottingham
E02002878,E02002878,106,0,0,1,11,1,1,20,12,3,57,0,Nottingham,Nottingham
E02002878,E02002879,38,0,1,0,9,0,1,22,2,1,2,0,Nottingham,Nottingham
E02002878,E02002881,62,0,1,0,3,1,0,21,5,3,28,0,Nottingham,Nottingham
E02002878,E02002882,13,0,0,0,4,0,0,8,0,1,0,0,Nottingham,Nottingham
E02002878,E02002884,33,0,2,0,8,0,0,16,4,2,1,0,Nottingham,Nottingham
E02002878,E02002885,52,0,3,0,21,0,0,15,6,2,5,0,Nottingham,Nottingham
E02002878,E02002886,40,0,0,0,12,1,2,14,2,4,5,0,Nottingham,Nottingham
E02002878,E02002887,90,0,1,0,10,3,1,25,6,4,40,0,Nottingham,Nottingham
E02002878,E02002888,16,0,0,0,4,0,1,8,2,1,0,0,Nottingham,Nottingham
E02002878,E02002889,62,0,4,0,26,0,0,25,3,2,2,0,Nottingham,Nottingham
E02002878,E02002890,86,0,4,0,46,0,0,28,2,0,6,0,Nottingham,Nottingham
E02002878,E02002892,67,0,0,0,22,1,1,30,2,6,5,0,Nottingham,Nottingham
E02002878,E02002893,52,0,0,0,22,0,0,22,7,1,0,0,Nottingham,Nottingham
E02002878,E02002894,14,0,0,0,5,0,0,7,0,0,2,0,Nottingham,Nottingham
E02002878,E02002895,37,0,2,0,19,0,0,12,0,2,2,0,Nottingham,Nottingham
E02002878,E02002896,38,0,0,0,11,0,1,21,3,1,1,0,Nottingham,Nottingham
E02002878,E02002898,158,0,0,1,53,0,3,72,11,13,5,0,Nottingham,Nottingham
E02002878,E02002899,24,0,0,0,10,0,1,9,1,1,1,1,Nottingham,Nottingham
E02002878,E02006904,193,0,24,1,85,2,5,59,4,3,9,1,Nottingham,Nottingham
E02002878,E02006905,63,0,1,0,18,0,2,30,10,1,1,0,Nottingham,Nottingham
E02002879,E02002868,11,0,0,0,2,0,0,8,1,0,0,0,Nottingham,Nottingham
E02002879,E02002869,42,0,1,0,11,0,0,20,6,0,2,2,Nottingham,Nottingham
E02002879,E02002871,26,0,0,0,3,0,1,19,1,2,0,0,Nottingham,Nottingham
E02002879,E02002872,55,0,3,0,16,1,0,29,0,2,4,0,Nottingham,Nottingham
E02002879,E02002874,175,0,0,0,20,1,0,59,4,9,81,1,Nottingham,Nottingham
E02002879,E02002875,38,0,0,0,3,0,0,16,3,1,14,1,Nottingham,Nottingham
E02002879,E02002876,42,0,0,0,8,1,1,16,2,6,8,0,Nottingham,Nottingham
E02002879,E02002877,76,0,0,0,5,0,0,34,6,2,28,1,Nottingham,Nottingham
E02002879,E02002879,174,0,3,1,17,0,0,78,9,3,60,3,Nottingham,Nottingham
E02002879,E02002881,42,0,0,0,5,0,0,31,2,2,2,0,Nottingham,Nottingham
E02002879,E02002882,36,0,1,0,6,0,0,14,1,2,12,0,Nottingham,Nottingham
E02002879,E02002883,27,0,0,0,4,2,0,17,1,2,1,0,Nottingham,Nottingham
E02002879,E02002884,97,0,1,1,17,0,0,35,2,1,40,0,Nottingham,Nottingham
E02002879,E02002885,99,0,0,0,13,0,0,43,4,6,33,0,Nottingham,Nottingham
E02002879,E02002886,44,0,0,0,4,1,3,22,3,7,4,0,Nottingham,Nottingham
E02002879,E02002887,25,0,0,0,4,0,0,14,3,2,2,0,Nottingham,Nottingham
E02002879,E02002888,25,0,0,0,5,1,0,12,4,1,1,1,Nottingham,Nottingham
E02002879,E02002889,179,0,9,0,80,5,2,49,7,4,20,3,Nottingham,Nottingham
E02002879,E02002890,190,0,3,0,101,0,1,48,7,9,21,0,Nottingham,Nottingham
E02002879,E02002892,23,0,0,0,6,0,0,11,1,4,1,0,Nottingham,Nottingham
E02002879,E02002893,57,0,0,0,8,0,1,32,4,1,11,0,Nottingham,Nottingham
E02002879,E02002894,12,0,0,0,1,0,0,7,2,1,1,0,Nottingham,Nottingham
E02002879,E02002895,90,0,4,1,39,0,1,34,2,4,5,0,Nottingham,Nottingham
E02002879,E02002896,89,0,2,0,27,1,0,45,2,6,6,0,Nottingham,Nottingham
E02002879,E02002898,185,0,2,0,48,0,3,96,20,9,7,0,Nottingham,Nottingham
E02002879,E02002899,57,0,1,1,8,0,1,35,5,4,2,0,Nottingham,Nottingham
E02002879,E02006834,16,0,1,0,7,0,0,5,2,0,1,0,Nottingham,Nottingham
E02002879,E02006835,18,0,0,0,5,0,0,9,2,1,1,0,Nottingham,Nottingham
E02002879,E02006904,451,0,34,2,207,3,2,119,16,12,54,2,Nottingham,Nottingham
E02002879,E02006905,119,0,1,0,32,1,0,68,7,8,2,0,Nottingham,Nottingham
E02002880,E02002868,13,0,0,0,7,0,0,3,1,0,2,0,Nottingham,Nottingham
E02002880,E02002869,61,0,0,0,17,2,0,29,6,5,2,0,Nottingham,Nottingham
E02002880,E02002871,13,0,0,0,5,0,0,7,0,0,1,0,Nottingham,Nottingham
E02002880,E02002872,71,0,0,0,12,0,1,37,4,4,12,1,Nottingham,Nottingham
E02002880,E02002874,59,0,0,0,14,0,1,30,9,2,1,2,Nottingham,Nottingham
E02002880,E02002875,27,0,0,0,1,0,0,19,4,1,2,0,Nottingham,Nottingham
E02002880,E02002876,65,0,0,0,7,1,1,26,5,3,21,1,Nottingham,Nottingham
E02002880,E02002877,24,0,0,0,8,0,0,12,3,0,1,0,Nottingham,Nottingham
E02002880,E02002878,61,0,1,1,7,0,0,18,4,1,29,0,Nottingham,Nottingham
E02002880,E02002879,36,0,0,0,9,2,0,16,4,0,5,0,Nottingham,Nottingham
E02002880,E02002880,70,0,0,0,11,0,0,18,7,5,26,3,Nottingham,Nottingham
E02002880,E02002881,40,0,0,1,5,0,2,19,4,1,7,1,Nottingham,Nottingham
E02002880,E02002884,39,0,1,1,10,0,0,18,1,4,4,0,Nottingham,Nottingham
E02002880,E02002885,53,0,0,0,15,0,0,22,4,5,7,0,Nottingham,Nottingham
E02002880,E02002886,84,0,0,0,16,2,0,29,4,3,30,0,Nottingham,Nottingham
E02002880,E02002887,151,0,1,0,16,1,0,44,8,6,75,0,Nottingham,Nottingham
E02002880,E02002888,12,0,0,0,5,0,0,6,1,0,0,0,Nottingham,Nottingham
E02002880,E02002889,74,0,1,0,38,0,2,24,3,2,2,2,Nottingham,Nottingham
E02002880,E02002890,117,0,4,0,72,0,1,28,1,3,7,1,Nottingham,Nottingham
E02002880,E02002892,49,0,0,0,11,0,0,25,5,4,4,0,Nottingham,Nottingham
E02002880,E02002893,48,0,0,0,14,1,0,24,3,0,6,0,Nottingham,Nottingham
E02002880,E02002895,49,0,2,1,24,0,1,10,5,2,4,0,Nottingham,Nottingham
E02002880,E02002896,51,0,1,0,18,0,3,25,3,1,0,0,Nottingham,Nottingham
E02002880,E02002898,168,0,0,1,66,0,4,55,26,10,3,3,Nottingham,Nottingham
E02002880,E02002899,44,0,0,0,9,0,1,24,4,3,3,0,Nottingham,Nottingham
E02002880,E02006904,215,0,2,1,110,2,2,62,14,10,12,0,Nottingham,Nottingham
E02002880,E02006905,87,0,0,0,24,2,0,52,4,3,2,0,Nottingham,Nottingham
E02002881,E02002869,50,0,0,0,18,0,0,22,5,2,3,0,Nottingham,Nottingham
E02002881,E02002871,15,0,0,0,5,0,1,6,1,0,2,0,Nottingham,Nottingham
E02002881,E02002872,33,0,0,0,7,1,1,18,1,2,3,0,Nottingham,Nottingham
E02002881,E02002874,31,0,0,0,7,0,0,19,3,0,2,0,Nottingham,Nottingham
E02002881,E02002875,14,0,0,0,5,0,0,6,3,0,0,0,Nottingham,Nottingham
E02002881,E02002876,16,0,0,0,4,0,0,10,1,1,0,0,Nottingham,Nottingham
E02002881,E02002877,12,0,0,0,2,0,0,5,2,1,1,1,Nottingham,Nottingham
E02002881,E02002878,36,0,0,0,4,0,0,10,1,0,21,0,Nottingham,Nottingham
E02002881,E02002879,18,0,0,0,5,0,1,9,1,0,2,0,Nottingham,Nottingham
E02002881,E02002881,105,0,1,0,7,0,0,39,5,0,52,1,Nottingham,Nottingham
E02002881,E02002884,27,0,0,0,8,0,0,17,0,0,0,2,Nottingham,Nottingham
E02002881,E02002885,43,0,1,0,13,0,0,22,5,1,1,0,Nottingham,Nottingham
E02002881,E02002886,37,0,0,0,12,0,1,13,2,1,7,1,Nottingham,Nottingham
E02002881,E02002887,129,0,0,0,12,1,1,51,5,5,54,0,Nottingham,Nottingham
E02002881,E02002888,15,0,0,0,8,1,0,6,0,0,0,0,Nottingham,Nottingham
E02002881,E02002889,56,0,1,0,28,0,1,17,4,1,1,3,Nottingham,Nottingham
E02002881,E02002890,58,0,0,0,37,0,1,12,1,4,3,0,Nottingham,Nottingham
E02002881,E02002892,57,0,0,0,4,0,1,21,6,11,13,1,Nottingham,Nottingham
E02002881,E02002893,30,0,0,0,11,0,0,15,1,1,2,0,Nottingham,Nottingham
E02002881,E02002895,35,0,0,0,21,0,0,12,2,0,0,0,Nottingham,Nottingham
E02002881,E02002896,32,0,0,0,10,2,2,17,0,1,0,0,Nottingham,Nottingham
E02002881,E02002897,15,0,0,0,5,0,1,4,2,1,2,0,Nottingham,Nottingham
E02002881,E02002898,107,0,1,0,33,0,2,62,5,4,0,0,Nottingham,Nottingham
E02002881,E02002899,40,0,0,0,17,0,0,16,4,0,3,0,Nottingham,Nottingham
E02002881,E02006904,178,0,6,1,86,1,1,59,12,3,8,1,Nottingham,Nottingham
E02002881,E02006905,54,0,0,0,22,0,1,27,2,0,2,0,Nottingham,Nottingham
E02002882,E02002869,22,0,0,0,8,0,0,14,0,0,0,0,Nottingham,Nottingham
E02002882,E02002871,13,0,0,0,1,0,0,10,1,0,1,0,Nottingham,Nottingham
E02002882,E02002872,23,0,4,0,8,0,0,11,0,0,0,0,Nottingham,Nottingham
E02002882,E02002874,97,0,0,0,19,0,0,59,3,4,12,0,Nottingham,Nottingham
E02002882,E02002875,12,0,0,0,5,0,0,4,0,1,2,0,Nottingham,Nottingham
E02002882,E02002876,23,0,1,0,4,0,0,8,0,6,4,0,Nottingham,Nottingham
E02002882,E02002877,71,0,0,1,11,1,1,33,1,3,20,0,Nottingham,Nottingham
E02002882,E02002879,58,0,0,0,8,2,0,28,5,2,13,0,Nottingham,Nottingham
E02002882,E02002881,19,0,0,0,3,0,0,14,0,2,0,0,Nottingham,Nottingham
E02002882,E02002882,87,0,0,1,16,0,0,32,2,0,36,0,Nottingham,Nottingham
E02002882,E02002883,28,0,0,0,5,0,0,9,1,0,13,0,Nottingham,Nottingham
E02002882,E02002884,78,0,1,0,5,0,0,24,2,2,44,0,Nottingham,Nottingham
E02002882,E02002885,35,0,1,0,2,0,0,18,0,3,11,0,Nottingham,Nottingham
E02002882,E02002886,26,0,0,0,5,0,0,17,2,2,0,0,Nottingham,Nottingham
E02002882,E02002887,32,0,1,0,9,0,1,19,1,0,1,0,Nottingham,Nottingham
E02002882,E02002888,18,0,0,1,3,0,0,7,1,2,4,0,Nottingham,Nottingham
E02002882,E02002889,245,0,1,2,59,1,0,71,13,10,88,0,Nottingham,Nottingham
E02002882,E02002890,215,0,1,1,64,1,0,42,6,8,92,0,Nottingham,Nottingham
E02002882,E02002892,13,0,0,0,2,0,0,10,1,0,0,0,Nottingham,Nottingham
E02002882,E02002893,28,0,0,0,9,0,0,11,2,1,5,0,Nottingham,Nottingham
E02002882,E02002895,124,0,0,1,34,1,0,48,3,7,30,0,Nottingham,Nottingham
E02002882,E02002896,49,0,0,0,14,1,0,23,2,0,9,0,Nottingham,Nottingham
E02002882,E02002898,148,0,0,1,32,0,0,84,6,17,7,1,Nottingham,Nottingham
E02002882,E02002899,100,0,0,0,20,0,0,53,7,11,9,0,Nottingham,Nottingham
E02002882,E02006904,544,0,7,5,162,1,2,119,14,32,200,2,Nottingham,Nottingham
E02002882,E02006905,109,0,0,0,32,0,1,53,2,6,15,0,Nottingham,Nottingham
E02002883,E02002869,23,0,0,1,5,0,0,16,0,1,0,0,Nottingham,Nottingham
E02002883,E02002871,14,0,0,0,2,1,0,7,1,1,2,0,Nottingham,Nottingham
E02002883,E02002872,21,0,1,0,4,0,0,14,2,0,0,0,Nottingham,Nottingham
E02002883,E02002874,78,0,0,0,23,0,1,47,3,1,3,0,Nottingham,Nottingham
E02002883,E02002875,11,0,0,0,1,0,0,9,0,1,0,0,Nottingham,Nottingham
E02002883,E02002876,11,0,0,0,1,0,0,9,1,0,0,0,Nottingham,Nottingham
E02002883,E02002877,51,0,1,0,7,0,1,32,3,0,7,0,Nottingham,Nottingham
E02002883,E02002879,36,0,0,1,8,1,0,20,1,3,2,0,Nottingham,Nottingham
E02002883,E02002881,25,0,0,0,5,0,0,17,0,1,2,0,Nottingham,Nottingham
E02002883,E02002882,42,0,0,0,5,2,0,16,1,1,17,0,Nottingham,Nottingham
E02002883,E02002883,128,0,0,0,27,0,1,50,11,3,36,0,Nottingham,Nottingham
E02002883,E02002884,33,0,0,0,7,1,0,20,2,0,3,0,Nottingham,Nottingham
E02002883,E02002885,32,0,4,0,6,0,0,19,1,0,2,0,Nottingham,Nottingham
E02002883,E02002886,21,0,0,0,4,0,1,13,1,0,2,0,Nottingham,Nottingham
E02002883,E02002887,27,0,0,0,7,0,1,12,3,1,3,0,Nottingham,Nottingham
E02002883,E02002888,39,0,0,0,6,0,0,16,3,1,13,0,Nottingham,Nottingham
E02002883,E02002889,131,0,0,0,67,2,1,40,4,2,14,1,Nottingham,Nottingham
E02002883,E02002890,170,0,0,0,75,1,0,46,8,4,36,0,Nottingham,Nottingham
E02002883,E02002891,15,0,0,0,2,0,0,7,2,0,4,0,Nottingham,Nottingham
E02002883,E02002892,18,0,0,0,6,0,0,11,0,0,1,0,Nottingham,Nottingham
E02002883,E02002893,28,0,0,0,7,1,0,16,1,1,2,0,Nottingham,Nottingham
E02002883,E02002895,87,0,0,0,27,2,1,34,6,3,14,0,Nottingham,Nottingham
E02002883,E02002896,94,0,0,1,23,4,0,47,6,3,10,0,Nottingham,Nottingham
E02002883,E02002898,129,0,0,0,34,0,0,73,9,9,2,2,Nottingham,Nottingham
E02002883,E02002899,41,0,0,0,13,0,0,21,0,3,4,0,Nottingham,Nottingham
E02002883,E02006904,393,0,1,0,172,3,4,135,22,10,46,0,Nottingham,Nottingham
E02002883,E02006905,94,0,0,0,31,0,0,46,8,4,5,0,Nottingham,Nottingham
E02002884,E02002869,11,0,1,0,1,0,0,7,0,0,2,0,Nottingham,Nottingham
E02002884,E02002871,13,0,0,0,11,0,0,2,0,0,0,0,Nottingham,Nottingham
E02002884,E02002872,20,0,0,1,11,0,0,7,0,1,0,0,Nottingham,Nottingham
E02002884,E02002874,35,0,1,1,14,0,0,11,1,2,5,0,Nottingham,Nottingham
E02002884,E02002876,21,0,2,0,4,0,0,7,1,0,6,1,Nottingham,Nottingham
E02002884,E02002877,24,0,1,0,4,0,1,6,0,0,11,1,Nottingham,Nottingham
E02002884,E02002879,45,0,1,0,2,0,0,9,1,0,31,1,Nottingham,Nottingham
E02002884,E02002881,12,0,0,0,1,0,0,4,1,2,4,0,Nottingham,Nottingham
E02002884,E02002882,31,0,0,0,2,1,0,4,0,0,24,0,Nottingham,Nottingham
E02002884,E02002884,107,0,5,2,15,0,0,19,3,3,59,1,Nottingham,Nottingham
E02002884,E02002885,70,0,1,0,0,1,0,24,2,0,42,0,Nottingham,Nottingham
E02002884,E02002886,12,0,0,0,4,0,0,3,2,0,3,0,Nottingham,Nottingham
E02002884,E02002887,17,0,0,0,7,0,0,7,1,1,1,0,Nottingham,Nottingham
E02002884,E02002888,24,0,0,0,8,1,1,10,0,0,4,0,Nottingham,Nottingham
E02002884,E02002889,124,0,11,0,22,4,0,32,4,6,43,2,Nottingham,Nottingham
E02002884,E02002890,131,0,10,2,38,0,0,18,5,9,48,1,Nottingham,Nottingham
E02002884,E02002891,12,0,1,0,0,0,0,9,0,0,2,0,Nottingham,Nottingham
E02002884,E02002893,38,0,0,0,6,0,0,16,3,3,10,0,Nottingham,Nottingham
E02002884,E02002895,75,0,11,1,10,0,0,18,3,5,27,0,Nottingham,Nottingham
E02002884,E02002896,51,0,0,0,9,1,1,23,0,6,11,0,Nottingham,Nottingham
E02002884,E02002898,117,0,1,0,35,2,0,42,4,14,19,0,Nottingham,Nottingham
E02002884,E02002899,34,0,0,0,9,0,1,8,1,12,3,0,Nottingham,Nottingham
E02002884,E02006904,337,0,64,1,83,2,1,37,21,35,89,4,Nottingham,Nottingham
E02002884,E02006905,64,0,4,0,14,0,0,26,3,3,12,2,Nottingham,Nottingham
E02002885,E02002869,21,0,2,0,5,0,0,8,2,0,4,0,Nottingham,Nottingham
E02002885,E02002871,13,0,1,0,5,0,0,5,1,0,1,0,Nottingham,Nottingham
E02002885,E02002872,21,0,4,1,5,1,0,7,0,1,0,2,Nottingham,Nottingham
E02002885,E02002874,36,0,0,0,11,0,0,9,6,3,7,0,Nottingham,Nottingham
E02002885,E02002876,13,0,3,0,1,0,0,7,0,0,2,0,Nottingham,Nottingham
E02002885,E02002877,12,0,3,0,4,0,0,4,0,0,1,0,Nottingham,Nottingham
E02002885,E02002879,47,0,1,1,6,0,0,14,1,1,23,0,Nottingham,Nottingham
E02002885,E02002882,17,0,0,0,3,0,0,5,2,1,6,0,Nottingham,Nottingham
E02002885,E02002884,55,0,3,1,5,0,0,14,4,2,25,1,Nottingham,Nottingham
E02002885,E02002885,181,0,1,1,19,2,0,28,5,3,122,0,Nottingham,Nottingham
E02002885,E02002886,28,0,0,0,4,0,2,10,2,0,10,0,Nottingham,Nottingham
E02002885,E02002887,25,0,1,0,7,0,0,10,0,2,5,0,Nottingham,Nottingham
E02002885,E02002888,13,0,0,0,7,0,0,5,0,0,1,0,Nottingham,Nottingham
E02002885,E02002889,173,0,32,3,25,6,1,33,6,6,59,2,Nottingham,Nottingham
E02002885,E02002890,101,0,21,1,24,0,0,12,3,4,36,0,Nottingham,Nottingham
E02002885,E02002892,14,0,0,0,4,0,0,4,2,2,2,0,Nottingham,Nottingham
E02002885,E02002893,63,0,3,0,10,1,0,20,2,0,27,0,Nottingham,Nottingham
E02002885,E02002895,79,0,17,1,14,0,0,17,4,1,25,0,Nottingham,Nottingham
E02002885,E02002896,46,0,5,1,8,0,0,22,1,1,7,1,Nottingham,Nottingham
E02002885,E02002898,118,0,8,0,44,1,0,30,10,4,21,0,Nottingham,Nottingham
E02002885,E02002899,40,0,3,0,7,0,0,14,3,7,6,0,Nottingham,Nottingham
E02002885,E02006835,17,0,3,0,2,0,0,4,5,1,2,0,Nottingham,Nottingham
E02002885,E02006904,350,0,117,3,75,1,0,42,18,14,75,5,Nottingham,Nottingham
E02002885,E02006905,85,0,6,1,17,0,1,34,9,5,12,0,Nottingham,Nottingham
E02002886,E02002869,31,0,2,0,6,0,0,20,2,0,1,0,Nottingham,Nottingham
E02002886,E02002871,15,0,0,0,3,2,0,9,1,0,0,0,Nottingham,Nottingham
E02002886,E02002872,29,0,0,0,8,0,0,19,0,1,1,0,Nottingham,Nottingham
E02002886,E02002874,54,0,0,0,11,0,0,30,7,1,5,0,Nottingham,Nottingham
E02002886,E02002875,15,0,0,0,4,0,0,5,0,1,5,0,Nottingham,Nottingham
E02002886,E02002876,30,0,1,0,2,0,0,18,2,0,7,0,Nottingham,Nottingham
E02002886,E02002877,20,0,0,0,5,2,0,10,2,0,1,0,Nottingham,Nottingham
E02002886,E02002879,37,0,1,0,4,1,0,24,0,1,6,0,Nottingham,Nottingham
E02002886,E02002881,33,0,0,1,10,0,0,17,1,0,4,0,Nottingham,Nottingham
E02002886,E02002882,22,0,0,0,4,0,0,16,0,1,1,0,Nottingham,Nottingham
E02002886,E02002883,18,0,0,0,1,0,0,12,2,0,3,0,Nottingham,Nottingham
E02002886,E02002884,38,0,1,0,1,0,0,26,2,3,5,0,Nottingham,Nottingham
E02002886,E02002885,101,0,0,0,5,1,0,59,6,1,28,1,Nottingham,Nottingham
E02002886,E02002886,154,0,1,0,12,1,0,55,4,6,74,1,Nottingham,Nottingham
E02002886,E02002887,69,0,2,0,6,0,0,43,5,3,10,0,Nottingham,Nottingham
E02002886,E02002889,117,0,5,0,41,3,1,52,3,3,9,0,Nottingham,Nottingham
E02002886,E02002890,113,0,9,0,44,1,0,41,6,1,11,0,Nottingham,Nottingham
E02002886,E02002892,34,0,0,0,6,0,0,24,2,1,1,0,Nottingham,Nottingham
E02002886,E02002893,96,0,0,0,13,0,1,44,9,0,29,0,Nottingham,Nottingham
E02002886,E02002894,24,0,0,0,2,0,0,5,2,0,15,0,Nottingham,Nottingham
E02002886,E02002895,83,0,4,0,25,2,0,32,7,4,8,1,Nottingham,Nottingham
E02002886,E02002896,59,0,1,0,15,3,1,36,1,0,2,0,Nottingham,Nottingham
E02002886,E02002898,187,0,1,1,34,0,1,91,15,18,24,2,Nottingham,Nottingham
E02002886,E02002899,79,0,0,0,10,0,0,33,2,8,25,1,Nottingham,Nottingham
E02002886,E02006904,273,0,31,0,112,3,1,82,15,9,19,1,Nottingham,Nottingham
E02002886,E02006905,107,0,3,0,22,1,1,55,9,7,8,1,Nottingham,Nottingham
E02002887,E02002869,24,0,2,0,5,0,0,14,1,1,1,0,Nottingham,Nottingham
E02002887,E02002871,14,0,0,0,4,0,0,9,1,0,0,0,Nottingham,Nottingham
E02002887,E02002872,35,0,0,0,7,0,0,18,6,0,4,0,Nottingham,Nottingham
E02002887,E02002874,33,0,1,0,8,0,1,20,1,2,0,0,Nottingham,Nottingham
E02002887,E02002875,12,0,0,0,1,0,0,10,0,0,1,0,Nottingham,Nottingham
E02002887,E02002876,16,0,0,0,1,0,0,13,0,1,0,1,Nottingham,Nottingham
E02002887,E02002877,18,0,0,0,6,0,1,8,2,0,1,0,Nottingham,Nottingham
E02002887,E02002878,19,0,1,0,3,0,0,7,0,0,8,0,Nottingham,Nottingham
E02002887,E02002879,15,0,0,0,2,0,0,10,0,2,0,1,Nottingham,Nottingham
E02002887,E02002880,12,0,0,0,0,2,0,4,2,2,2,0,Nottingham,Nottingham
E02002887,E02002881,29,0,0,0,1,0,0,14,2,1,11,0,Nottingham,Nottingham
E02002887,E02002884,19,0,0,0,5,0,0,14,0,0,0,0,Nottingham,Nottingham
E02002887,E02002885,28,0,1,0,8,0,1,12,5,0,1,0,Nottingham,Nottingham
E02002887,E02002886,63,0,0,0,4,0,0,28,6,3,21,1,Nottingham,Nottingham
E02002887,E02002887,158,0,0,1,15,1,0,61,7,9,63,1,Nottingham,Nottingham
E02002887,E02002889,47,0,0,1,27,0,0,17,1,0,1,0,Nottingham,Nottingham
E02002887,E02002890,61,0,1,0,28,0,0,22,5,1,4,0,Nottingham,Nottingham
E02002887,E02002892,48,0,0,0,5,0,0,20,4,4,15,0,Nottingham,Nottingham
E02002887,E02002893,37,0,0,0,8,0,0,22,2,1,4,0,Nottingham,Nottingham
E02002887,E02002894,16,0,0,0,2,1,0,7,1,2,3,0,Nottingham,Nottingham
E02002887,E02002895,30,0,1,0,15,1,0,12,1,0,0,0,Nottingham,Nottingham
E02002887,E02002896,40,0,0,0,12,0,1,23,2,1,1,0,Nottingham,Nottingham
E02002887,E02002897,13,0,0,0,6,0,0,5,0,0,2,0,Nottingham,Nottingham
E02002887,E02002898,140,0,0,0,45,0,4,55,18,12,6,0,Nottingham,Nottingham
E02002887,E02002899,41,0,0,0,9,0,0,15,2,8,7,0,Nottingham,Nottingham
E02002887,E02006904,155,0,4,1,80,3,0,48,7,4,7,1,Nottingham,Nottingham
E02002887,E02006905,73,0,0,0,13,1,0,48,6,2,3,0,Nottingham,Nottingham
E02002888,E02002872,23,0,7,0,5,0,0,5,4,2,0,0,Nottingham,Nottingham
E02002888,E02002874,32,0,0,1,15,0,0,12,0,1,3,0,Nottingham,Nottingham
E02002888,E02002876,14,0,0,0,6,0,0,5,2,0,1,0,Nottingham,Nottingham
E02002888,E02002877,22,0,0,0,7,0,0,8,2,1,4,0,Nottingham,Nottingham
E02002888,E02002879,19,0,0,0,4,0,0,11,2,1,1,0,Nottingham,Nottingham
E02002888,E02002881,14,0,0,0,4,0,0,9,1,0,0,0,Nottingham,Nottingham
E02002888,E02002882,32,0,0,0,8,0,0,9,0,0,15,0,Nottingham,Nottingham
E02002888,E02002883,33,0,0,0,3,0,0,17,1,1,11,0,Nottingham,Nottingham
E02002888,E02002884,38,0,0,1,10,0,0,16,5,1,5,0,Nottingham,Nottingham
E02002888,E02002885,21,0,3,0,1,1,0,7,4,0,5,0,Nottingham,Nottingham
E02002888,E02002886,21,0,0,0,6,0,0,11,0,1,2,1,Nottingham,Nottingham
E02002888,E02002887,12,0,0,0,4,0,0,5,2,1,0,0,Nottingham,Nottingham
E02002888,E02002888,125,0,1,0,20,1,0,35,5,0,63,0,Nottingham,Nottingham
E02002888,E02002889,97,0,2,1,41,0,0,15,3,1,34,0,Nottingham,Nottingham
E02002888,E02002890,173,0,1,0,49,4,0,38,2,5,73,1,Nottingham,Nottingham
E02002888,E02002893,31,0,0,0,7,0,0,11,0,1,12,0,Nottingham,Nottingham
E02002888,E02002895,60,0,1,0,19,1,0,14,3,2,20,0,Nottingham,Nottingham
E02002888,E02002896,65,0,0,0,15,1,0,17,3,2,27,0,Nottingham,Nottingham
E02002888,E02002898,105,0,0,1,41,1,3,34,7,7,11,0,Nottingham,Nottingham
E02002888,E02002899,21,0,0,0,11,0,0,8,1,1,0,0,Nottingham,Nottingham
E02002888,E02006904,339,0,1,2,100,2,1,57,12,12,151,1,Nottingham,Nottingham
E02002888,E02006905,86,0,0,0,28,0,0,29,6,12,11,0,Nottingham,Nottingham
E02002889,E02002869,15,0,1,0,9,0,1,3,0,1,0,0,Nottingham,Nottingham
E02002889,E02002872,12,0,6,0,3,0,0,1,0,1,1,0,Nottingham,Nottingham
E02002889,E02002874,18,0,1,0,4,0,0,7,3,0,3,0,Nottingham,Nottingham
E02002889,E02002876,13,0,0,0,7,0,0,3,0,0,3,0,Nottingham,Nottingham
E02002889,E02002877,19,0,0,0,5,0,0,10,0,1,3,0,Nottingham,Nottingham
E02002889,E02002879,18,0,1,0,5,0,1,5,0,0,6,0,Nottingham,Nottingham
E02002889,E02002881,13,0,0,0,2,0,0,11,0,0,0,0,Nottingham,Nottingham
E02002889,E02002882,15,0,0,0,5,0,0,3,0,0,7,0,Nottingham,Nottingham
E02002889,E02002884,18,0,0,0,2,0,0,6,0,0,10,0,Nottingham,Nottingham
E02002889,E02002885,38,0,2,0,4,0,0,15,1,1,15,0,Nottingham,Nottingham
E02002889,E02002886,12,0,0,0,6,0,0,3,1,0,2,0,Nottingham,Nottingham
E02002889,E02002887,12,0,1,0,4,0,0,1,0,1,4,1,Nottingham,Nottingham
E02002889,E02002888,14,0,0,0,3,0,0,7,0,2,2,0,Nottingham,Nottingham
E02002889,E02002889,256,0,4,0,29,1,0,26,1,4,190,1,Nottingham,Nottingham
E02002889,E02002890,204,0,2,2,17,1,1,11,0,5,163,2,Nottingham,Nottingham
E02002889,E02002892,11,0,0,0,4,0,0,4,1,1,1,0,Nottingham,Nottingham
E02002889,E02002893,42,0,0,0,5,0,0,13,1,1,22,0,Nottingham,Nottingham
E02002889,E02002895,97,0,5,0,10,0,1,16,4,4,57,0,Nottingham,Nottingham
E02002889,E02002896,26,0,1,1,0,0,3,8,1,1,9,2,Nottingham,Nottingham
E02002889,E02002898,109,0,0,1,32,1,0,33,6,10,26,0,Nottingham,Nottingham
E02002889,E02002899,65,0,0,0,20,0,0,17,0,4,24,0,Nottingham,Nottingham
E02002889,E02006904,515,0,33,1,56,1,0,46,9,19,350,0,Nottingham,Nottingham
E02002889,E02006905,54,0,1,0,13,1,0,20,1,5,13,0,Nottingham,Nottingham
E02002890,E02002869,15,0,3,0,5,0,0,5,0,0,2,0,Nottingham,Nottingham
E02002890,E02002872,16,0,4,0,6,0,0,5,0,1,0,0,Nottingham,Nottingham
E02002890,E02002874,43,0,0,0,22,0,0,18,0,0,3,0,Nottingham,Nottingham
E02002890,E02002877,26,0,0,0,10,0,0,9,1,0,6,0,Nottingham,Nottingham
E02002890,E02002879,29,0,3,1,10,0,0,9,1,1,4,0,Nottingham,Nottingham
E02002890,E02002882,32,0,0,0,9,0,0,7,0,0,16,0,Nottingham,Nottingham
E02002890,E02002883,23,0,0,0,10,0,0,7,0,1,5,0,Nottingham,Nottingham
E02002890,E02002884,37,0,0,0,10,0,0,17,0,0,10,0,Nottingham,Nottingham
E02002890,E02002885,34,0,4,0,14,0,0,7,1,0,8,0,Nottingham,Nottingham
E02002890,E02002886,12,0,0,0,8,0,0,3,0,0,1,0,Nottingham,Nottingham
E02002890,E02002888,36,0,0,0,7,0,0,12,1,0,16,0,Nottingham,Nottingham
E02002890,E02002889,227,0,5,0,22,2,1,17,1,2,173,4,Nottingham,Nottingham
E02002890,E02002890,396,0,1,3,40,2,0,45,11,3,287,4,Nottingham,Nottingham
E02002890,E02002892,14,0,0,0,6,0,0,4,2,2,0,0,Nottingham,Nottingham
E02002890,E02002893,36,0,0,0,15,0,0,12,0,1,8,0,Nottingham,Nottingham
E02002890,E02002895,80,0,1,0,6,3,0,10,4,2,54,0,Nottingham,Nottingham
E02002890,E02002896,84,0,0,0,18,0,0,19,6,3,38,0,Nottingham,Nottingham
E02002890,E02002898,110,0,0,0,61,2,0,26,2,6,13,0,Nottingham,Nottingham
E02002890,E02002899,68,0,0,0,36,0,0,10,4,6,12,0,Nottingham,Nottingham
E02002890,E02006904,626,0,7,4,69,5,3,70,15,12,438,3,Nottingham,Nottingham
E02002890,E02006905,84,0,0,2,39,0,0,17,2,4,20,0,Nottingham,Nottingham
E02002891,E02002869,21,0,0,0,3,0,0,15,1,0,2,0,Nottingham,Nottingham
E02002891,E02002872,27,0,0,1,3,1,0,19,2,0,1,0,Nottingham,Nottingham
E02002891,E02002874,36,0,0,0,10,0,0,22,1,2,1,0,Nottingham,Nottingham
E02002891,E02002875,16,0,0,1,1,0,1,12,0,0,1,0,Nottingham,Nottingham
E02002891,E02002876,12,0,0,0,1,0,1,7,2,0,1,0,Nottingham,Nottingham
E02002891,E02002877,29,0,0,0,1,2,0,22,2,0,2,0,Nottingham,Nottingham
E02002891,E02002879,14,0,0,0,2,0,0,10,1,0,1,0,Nottingham,Nottingham
E02002891,E02002881,15,0,0,0,1,0,0,12,2,0,0,0,Nottingham,Nottingham
E02002891,E02002882,21,0,0,0,8,1,0,10,2,0,0,0,Nottingham,Nottingham
E02002891,E02002883,21,0,0,0,6,0,0,8,2,0,5,0,Nottingham,Nottingham
E02002891,E02002884,30,0,1,0,4,0,0,20,4,1,0,0,Nottingham,Nottingham
E02002891,E02002885,28,0,0,0,6,0,0,17,2,0,3,0,Nottingham,Nottingham
E02002891,E02002886,21,0,0,0,3,0,0,16,1,1,0,0,Nottingham,Nottingham
E02002891,E02002887,31,0,0,0,5,0,0,23,1,1,1,0,Nottingham,Nottingham
E02002891,E02002888,27,0,0,0,6,0,0,13,3,0,5,0,Nottingham,Nottingham
E02002891,E02002889,101,0,0,0,47,2,1,28,8,4,11,0,Nottingham,Nottingham
E02002891,E02002890,159,0,1,0,76,0,0,61,1,2,18,0,Nottingham,Nottingham
E02002891,E02002891,136,0,0,0,11,1,1,51,9,0,63,0,Nottingham,Nottingham
E02002891,E02002892,12,0,0,0,4,0,0,7,0,1,0,0,Nottingham,Nottingham
E02002891,E02002893,45,0,0,1,11,0,0,31,2,0,0,0,Nottingham,Nottingham
E02002891,E02002895,72,0,1,0,33,0,0,21,5,1,11,0,Nottingham,Nottingham
E02002891,E02002896,194,0,0,0,38,6,2,94,15,4,32,3,Nottingham,Nottingham
E02002891,E02002898,156,0,0,0,49,0,1,85,8,9,2,2,Nottingham,Nottingham
E02002891,E02002899,34,0,0,0,9,0,0,20,2,2,1,0,Nottingham,Nottingham
E02002891,E02006904,392,0,1,1,164,2,6,134,26,11,46,1,Nottingham,Nottingham
E02002891,E02006905,102,0,0,0,30,0,4,46,15,3,4,0,Nottingham,Nottingham
E02002892,E02002869,34,0,0,0,9,0,2,14,3,2,4,0,Nottingham,Nottingham
E02002892,E02002872,26,0,0,0,3,0,0,19,1,2,1,0,Nottingham,Nottingham
E02002892,E02002874,46,0,0,0,13,0,0,27,3,0,3,0,Nottingham,Nottingham
E02002892,E02002875,18,0,0,0,3,0,0,11,2,0,1,1,Nottingham,Nottingham
E02002892,E02002879,18,0,0,0,2,0,0,12,1,0,3,0,Nottingham,Nottingham
E02002892,E02002881,25,0,0,1,5,0,0,15,1,0,3,0,Nottingham,Nottingham
E02002892,E02002882,13,0,0,0,2,0,0,11,0,0,0,0,Nottingham,Nottingham
E02002892,E02002884,18,0,0,0,6,0,0,11,0,0,1,0,Nottingham,Nottingham
E02002892,E02002885,29,0,1,0,6,0,0,15,2,1,4,0,Nottingham,Nottingham
E02002892,E02002886,40,0,0,0,16,0,0,18,3,2,1,0,Nottingham,Nottingham
E02002892,E02002887,66,0,0,0,9,0,1,32,2,5,17,0,Nottingham,Nottingham
E02002892,E02002889,46,0,0,0,24,1,0,12,1,5,3,0,Nottingham,Nottingham
E02002892,E02002890,55,0,0,0,27,0,0,18,4,1,5,0,Nottingham,Nottingham
E02002892,E02002892,137,0,0,0,10,1,2,53,7,5,59,0,Nottingham,Nottingham
E02002892,E02002893,27,0,0,0,8,0,0,14,0,3,2,0,Nottingham,Nottingham
E02002892,E02002894,28,0,0,0,6,0,0,13,2,4,3,0,Nottingham,Nottingham
E02002892,E02002895,34,0,0,0,14,0,1,18,1,0,0,0,Nottingham,Nottingham
E02002892,E02002896,40,0,0,0,15,1,1,20,2,1,0,0,Nottingham,Nottingham
E02002892,E02002897,40,0,0,2,3,0,0,17,2,1,15,0,Nottingham,Nottingham
E02002892,E02002898,139,0,0,1,47,0,2,73,10,3,3,0,Nottingham,Nottingham
E02002892,E02002899,59,0,0,0,17,0,0,32,6,4,0,0,Nottingham,Nottingham
E02002892,E02006904,165,0,6,0,72,0,3,68,8,3,5,0,Nottingham,Nottingham
E02002892,E02006905,65,0,0,0,19,0,2,35,4,3,2,0,Nottingham,Nottingham
E02002893,E02002869,21,0,1,0,3,0,0,14,0,0,3,0,Nottingham,Nottingham
E02002893,E02002872,17,0,0,0,8,0,0,6,1,2,0,0,Nottingham,Nottingham
E02002893,E02002874,47,0,0,0,18,0,0,17,1,3,8,0,Nottingham,Nottingham
E02002893,E02002875,12,0,2,0,1,0,0,4,3,2,0,0,Nottingham,Nottingham
E02002893,E02002876,16,0,0,0,3,1,0,7,1,2,2,0,Nottingham,Nottingham
E02002893,E02002877,14,0,0,0,6,0,0,8,0,0,0,0,Nottingham,Nottingham
E02002893,E02002879,32,0,0,0,4,1,0,9,0,2,15,1,Nottingham,Nottingham
E02002893,E02002882,13,0,0,0,9,0,0,2,0,0,2,0,Nottingham,Nottingham
E02002893,E02002884,34,0,0,0,3,0,0,16,2,0,13,0,Nottingham,Nottingham
E02002893,E02002885,83,0,0,0,7,0,0,18,6,1,51,0,Nottingham,Nottingham
E02002893,E02002886,21,0,0,0,3,0,0,8,0,0,10,0,Nottingham,Nottingham
E02002893,E02002887,35,0,0,0,19,0,0,8,2,0,6,0,Nottingham,Nottingham
E02002893,E02002888,17,0,0,1,6,1,0,7,1,0,1,0,Nottingham,Nottingham
E02002893,E02002889,169,0,2,1,47,3,1,45,9,3,57,1,Nottingham,Nottingham
E02002893,E02002890,156,0,1,0,56,0,1,31,4,2,60,1,Nottingham,Nottingham
E02002893,E02002892,19,0,0,0,6,0,0,6,2,4,1,0,Nottingham,Nottingham
E02002893,E02002893,204,0,1,0,35,3,0,54,12,4,94,1,Nottingham,Nottingham
E02002893,E02002894,20,0,0,0,8,0,0,3,0,2,7,0,Nottingham,Nottingham
E02002893,E02002895,110,0,1,0,24,0,0,23,7,8,46,1,Nottingham,Nottingham
E02002893,E02002896,83,0,1,0,34,2,0,36,3,0,7,0,Nottingham,Nottingham
E02002893,E02002898,299,0,1,0,40,5,2,74,10,21,145,1,Nottingham,Nottingham
E02002893,E02002899,164,0,2,1,46,0,0,12,1,23,79,0,Nottingham,Nottingham
E02002893,E02006904,394,0,8,1,149,2,1,56,21,18,134,4,Nottingham,Nottingham
E02002893,E02006905,115,0,0,1,33,3,0,34,8,8,28,0,Nottingham,Nottingham
E02002894,E02002869,14,0,0,0,5,0,0,6,2,0,1,0,Nottingham,Nottingham
E02002894,E02002872,27,0,0,0,2,0,0,23,1,0,1,0,Nottingham,Nottingham
E02002894,E02002874,58,0,0,0,15,0,0,35,0,2,6,0,Nottingham,Nottingham
E02002894,E02002876,11,0,0,0,2,0,0,4,2,2,1,0,Nottingham,Nottingham
E02002894,E02002877,17,0,0,0,3,1,0,13,0,0,0,0,Nottingham,Nottingham
E02002894,E02002879,22,0,0,0,4,0,0,16,1,0,0,1,Nottingham,Nottingham
E02002894,E02002881,29,0,0,0,0,0,0,26,2,1,0,0,Nottingham,Nottingham
E02002894,E02002884,38,0,0,0,4,0,0,29,1,2,2,0,Nottingham,Nottingham
E02002894,E02002885,28,0,0,0,2,0,0,23,1,1,1,0,Nottingham,Nottingham
E02002894,E02002886,56,0,0,0,0,0,0,39,2,3,12,0,Nottingham,Nottingham
E02002894,E02002887,41,0,0,0,2,2,0,26,1,1,9,0,Nottingham,Nottingham
E02002894,E02002888,11,0,0,0,2,1,0,7,1,0,0,0,Nottingham,Nottingham
E02002894,E02002889,92,0,2,0,44,2,0,39,4,0,0,1,Nottingham,Nottingham
E02002894,E02002890,62,0,0,0,29,0,0,21,5,5,2,0,Nottingham,Nottingham
E02002894,E02002892,45,0,0,0,2,0,0,33,2,3,5,0,Nottingham,Nottingham
E02002894,E02002893,54,0,0,0,3,0,0,29,11,1,9,1,Nottingham,Nottingham
E02002894,E02002894,103,0,0,1,6,0,0,46,2,7,40,1,Nottingham,Nottingham
E02002894,E02002895,84,0,2,0,24,1,0,43,3,7,4,0,Nottingham,Nottingham
E02002894,E02002896,39,0,0,0,10,0,0,23,2,1,3,0,Nottingham,Nottingham
E02002894,E02002897,57,0,0,0,4,0,0,31,1,4,17,0,Nottingham,Nottingham
E02002894,E02002898,217,0,0,0,10,1,2,123,9,34,38,0,Nottingham,Nottingham
E02002894,E02002899,163,0,0,1,11,0,1,68,7,34,41,0,Nottingham,Nottingham
E02002894,E02006904,208,0,2,0,89,0,4,68,9,23,11,2,Nottingham,Nottingham
E02002894,E02006905,81,0,1,0,11,2,0,43,9,10,5,0,Nottingham,Nottingham
E02002895,E02002869,15,0,4,0,2,0,0,9,0,0,0,0,Nottingham,Nottingham
E02002895,E02002872,15,0,4,0,1,0,0,9,1,0,0,0,Nottingham,Nottingham
E02002895,E02002874,68,0,0,0,9,0,0,54,1,3,1,0,Nottingham,Nottingham
E02002895,E02002879,27,0,0,1,6,0,0,16,1,0,3,0,Nottingham,Nottingham
E02002895,E02002883,16,0,0,0,4,2,0,5,0,2,3,0,Nottingham,Nottingham
E02002895,E02002884,24,0,0,0,4,0,0,16,0,0,3,1,Nottingham,Nottingham
E02002895,E02002885,17,0,0,0,1,0,0,7,1,0,8,0,Nottingham,Nottingham
E02002895,E02002886,12,0,1,0,1,0,0,6,1,2,1,0,Nottingham,Nottingham
E02002895,E02002887,19,0,0,0,6,0,0,11,1,1,0,0,Nottingham,Nottingham
E02002895,E02002889,167,0,1,2,17,0,0,29,3,2,113,0,Nottingham,Nottingham
E02002895,E02002890,118,0,0,0,13,0,0,25,5,2,73,0,Nottingham,Nottingham
E02002895,E02002893,30,0,0,0,2,0,0,14,0,0,14,0,Nottingham,Nottingham
E02002895,E02002895,260,0,1,4,16,0,1,57,4,2,175,0,Nottingham,Nottingham
E02002895,E02002896,56,0,0,0,9,4,0,13,2,0,28,0,Nottingham,Nottingham
E02002895,E02002898,226,0,0,2,51,0,0,75,6,18,74,0,Nottingham,Nottingham
E02002895,E02002899,241,0,1,2,63,0,0,42,6,37,90,0,Nottingham,Nottingham
E02002895,E02006904,438,0,3,1,32,4,0,41,11,10,336,0,Nottingham,Nottingham
E02002895,E02006905,72,0,0,0,10,0,0,30,3,4,25,0,Nottingham,Nottingham
E02002896,E02002869,29,0,0,0,7,0,0,7,9,0,6,0,Nottingham,Nottingham
E02002896,E02002872,22,0,1,0,5,0,0,8,1,1,3,3,Nottingham,Nottingham
E02002896,E02002874,40,0,0,0,15,1,0,21,1,1,1,0,Nottingham,Nottingham
E02002896,E02002877,40,0,0,0,12,2,1,18,1,1,5,0,Nottingham,Nottingham
E02002896,E02002879,35,0,1,0,14,0,0,15,2,2,1,0,Nottingham,Nottingham
E02002896,E02002881,17,0,0,0,4,0,0,10,0,1,2,0,Nottingham,Nottingham
E02002896,E02002882,14,0,0,0,6,0,0,5,0,0,3,0,Nottingham,Nottingham
E02002896,E02002883,14,0,0,0,8,0,0,5,1,0,0,0,Nottingham,Nottingham
E02002896,E02002884,40,0,2,0,12,0,1,17,2,0,6,0,Nottingham,Nottingham
E02002896,E02002885,52,0,4,0,18,1,2,17,3,0,7,0,Nottingham,Nottingham
E02002896,E02002886,11,0,0,0,3,0,0,5,1,0,2,0,Nottingham,Nottingham
E02002896,E02002887,26,0,0,0,11,0,0,11,1,2,1,0,Nottingham,Nottingham
E02002896,E02002888,55,0,0,0,7,0,0,14,4,1,29,0,Nottingham,Nottingham
E02002896,E02002889,160,0,1,0,58,3,0,30,3,9,56,0,Nottingham,Nottingham
E02002896,E02002890,196,0,1,0,56,0,1,39,8,4,87,0,Nottingham,Nottingham
E02002896,E02002891,42,0,0,0,5,1,0,10,4,1,21,0,Nottingham,Nottingham
E02002896,E02002892,16,0,0,0,5,0,0,11,0,0,0,0,Nottingham,Nottingham
E02002896,E02002893,38,0,1,0,11,1,0,18,1,3,3,0,Nottingham,Nottingham
E02002896,E02002894,14,0,0,0,5,0,0,9,0,0,0,0,Nottingham,Nottingham
E02002896,E02002895,114,0,0,0,25,2,1,22,4,6,54,0,Nottingham,Nottingham
E02002896,E02002896,309,0,0,3,33,6,1,87,9,9,160,1,Nottingham,Nottingham
E02002896,E02002898,135,0,0,0,52,1,0,43,5,18,16,0,Nottingham,Nottingham
E02002896,E02002899,66,0,0,0,26,0,1,15,1,15,8,0,Nottingham,Nottingham
E02002896,E02006904,586,0,1,3,154,7,0,93,22,24,282,0,Nottingham,Nottingham
E02002896,E02006905,172,0,0,1,43,2,0,62,17,15,32,0,Nottingham,Nottingham
E02002897,E02002869,14,0,0,0,2,0,0,9,2,1,0,0,Nottingham,Nottingham
E02002897,E02002872,25,0,0,0,7,0,0,17,0,0,1,0,Nottingham,Nottingham
E02002897,E02002874,69,0,0,0,10,0,0,51,3,2,3,0,Nottingham,Nottingham
E02002897,E02002876,16,0,0,0,1,0,0,13,1,1,0,0,Nottingham,Nottingham
E02002897,E02002877,14,0,0,0,0,0,0,12,0,0,2,0,Nottingham,Nottingham
E02002897,E02002879,37,0,0,0,7,0,0,29,0,1,0,0,Nottingham,Nottingham
E02002897,E02002881,20,0,0,0,3,0,0,14,2,0,1,0,Nottingham,Nottingham
E02002897,E02002884,27,0,0,0,1,0,0,23,3,0,0,0,Nottingham,Nottingham
E02002897,E02002885,26,0,0,0,2,0,0,18,4,1,1,0,Nottingham,Nottingham
E02002897,E02002886,56,0,0,0,5,0,0,44,2,4,1,0,Nottingham,Nottingham
E02002897,E02002887,42,0,0,1,3,0,0,30,2,2,4,0,Nottingham,Nottingham
E02002897,E02002888,12,0,0,0,2,0,0,8,2,0,0,0,Nottingham,Nottingham
E02002897,E02002889,80,0,0,1,39,0,1,28,4,4,3,0,Nottingham,Nottingham
E02002897,E02002890,66,0,1,0,32,0,0,26,1,3,3,0,Nottingham,Nottingham
E02002897,E02002892,56,0,0,0,3,0,0,40,4,4,5,0,Nottingham,Nottingham
E02002897,E02002893,23,0,0,0,2,0,0,17,3,1,0,0,Nottingham,Nottingham
E02002897,E02002894,52,0,0,0,6,0,0,30,2,0,14,0,Nottingham,Nottingham
E02002897,E02002895,81,0,0,1,15,1,0,53,6,4,1,0,Nottingham,Nottingham
E02002897,E02002896,33,0,0,0,8,1,1,18,2,0,3,0,Nottingham,Nottingham
E02002897,E02002897,174,0,0,0,4,0,0,70,4,7,88,1,Nottingham,Nottingham
E02002897,E02002898,238,0,0,0,51,1,2,128,18,32,5,1,Nottingham,Nottingham
E02002897,E02002899,137,0,0,1,19,0,0,67,5,34,11,0,Nottingham,Nottingham
E02002897,E02006904,265,0,7,2,118,3,4,96,9,24,2,0,Nottingham,Nottingham
E02002897,E02006905,66,0,1,0,3,0,0,52,4,4,2,0,Nottingham,Nottingham
E02002898,E02002872,19,0,2,0,3,0,0,13,0,0,1,0,Nottingham,Nottingham
E02002898,E02002874,49,0,0,1,16,0,0,24,2,0,6,0,Nottingham,Nottingham
E02002898,E02002876,11,0,0,0,5,0,0,4,1,0,1,0,Nottingham,Nottingham
E02002898,E02002879,18,0,0,1,6,0,0,5,0,1,5,0,Nottingham,Nottingham
E02002898,E02002881,11,0,0,0,4,0,0,4,1,2,0,0,Nottingham,Nottingham
E02002898,E02002882,11,0,0,0,4,0,0,4,1,1,1,0,Nottingham,Nottingham
E02002898,E02002884,14,0,0,0,3,0,0,6,1,1,3,0,Nottingham,Nottingham
E02002898,E02002885,31,0,0,0,2,1,0,21,1,2,4,0,Nottingham,Nottingham
E02002898,E02002886,13,0,1,0,4,0,0,3,1,1,3,0,Nottingham,Nottingham
E02002898,E02002889,102,0,1,0,31,4,0,24,1,3,38,0,Nottingham,Nottingham
E02002898,E02002890,76,0,0,0,23,1,1,14,0,7,29,1,Nottingham,Nottingham
E02002898,E02002892,12,0,0,0,2,0,2,6,0,1,1,0,Nottingham,Nottingham
E02002898,E02002893,33,0,0,0,2,0,0,15,2,0,13,1,Nottingham,Nottingham
E02002898,E02002895,105,0,0,0,19,0,1,21,4,2,58,0,Nottingham,Nottingham
E02002898,E02002896,34,0,0,0,10,3,1,9,0,2,9,0,Nottingham,Nottingham
E02002898,E02002898,389,0,0,0,20,2,1,69,6,27,263,1,Nottingham,Nottingham
E02002898,E02002899,366,0,0,1,17,0,0,35,0,50,261,2,Nottingham,Nottingham
E02002898,E02006904,323,0,7,0,85,9,0,44,5,23,150,0,Nottingham,Nottingham
E02002898,E02006905,110,0,0,0,5,0,0,28,6,15,55,1,Nottingham,Nottingham
E02002899,E02002874,29,0,0,0,5,1,1,17,1,1,3,0,Nottingham,Nottingham
E02002899,E02002879,16,0,0,0,2,0,0,10,2,0,2,0,Nottingham,Nottingham
E02002899,E02002885,13,0,1,0,1,0,0,8,2,1,0,0,Nottingham,Nottingham
E02002899,E02002887,15,0,0,0,1,0,0,8,3,0,3,0,Nottingham,Nottingham
E02002899,E02002889,45,0,0,1,21,0,0,18,0,1,4,0,Nottingham,Nottingham
E02002899,E02002890,65,0,0,1,43,0,0,14,1,3,3,0,Nottingham,Nottingham
E02002899,E02002892,15,0,0,0,4,0,0,7,2,1,1,0,Nottingham,Nottingham
E02002899,E02002893,25,0,0,0,0,0,0,17,1,0,7,0,Nottingham,Nottingham
E02002899,E02002894,23,0,0,0,3,0,0,5,0,1,14,0,Nottingham,Nottingham
E02002899,E02002895,49,0,1,0,12,0,1,26,1,1,7,0,Nottingham,Nottingham
E02002899,E02002896,24,0,0,0,6,0,1,10,4,0,3,0,Nottingham,Nottingham
E02002899,E02002897,14,0,0,0,4,0,0,4,1,1,4,0,Nottingham,Nottingham
E02002899,E02002898,168,0,0,0,24,1,0,42,7,21,73,0,Nottingham,Nottingham
E02002899,E02002899,308,0,0,1,12,0,1,47,0,35,211,1,Nottingham,Nottingham
E02002899,E02006904,155,0,4,1,83,3,1,37,5,9,12,0,Nottingham,Nottingham
E02002899,E02006905,39,0,0,0,10,0,0,16,2,8,3,0,Nottingham,Nottingham
E02006834,E02002868,81,0,0,0,4,2,1,23,5,0,46,0,Nottingham,Nottingham
E02006834,E02002869,63,0,0,0,21,0,0,33,2,5,2,0,Nottingham,Nottingham
E02006834,E02002871,25,0,0,0,2,0,0,14,4,2,3,0,Nottingham,Nottingham
E02006834,E02002872,52,0,0,0,11,0,2,26,6,5,2,0,Nottingham,Nottingham
E02006834,E02002873,34,0,0,0,6,1,0,18,0,0,9,0,Nottingham,Nottingham
E02006834,E02002874,169,0,0,0,42,0,0,70,15,10,32,0,Nottingham,Nottingham
E02006834,E02002875,28,0,0,0,3,1,0,16,2,3,3,0,Nottingham,Nottingham
E02006834,E02002876,31,0,0,0,6,0,1,21,0,3,0,0,Nottingham,Nottingham
E02006834,E02002877,41,0,0,0,17,1,0,13,4,0,6,0,Nottingham,Nottingham
E02006834,E02002879,55,0,0,0,23,0,1,22,3,1,5,0,Nottingham,Nottingham
E02006834,E02002881,21,0,0,0,1,0,1,18,0,0,1,0,Nottingham,Nottingham
E02006834,E02002882,24,0,0,0,14,0,0,7,2,0,1,0,Nottingham,Nottingham
E02006834,E02002883,11,0,0,0,5,0,0,4,0,1,1,0,Nottingham,Nottingham
E02006834,E02002884,25,0,0,0,5,0,0,17,2,0,1,0,Nottingham,Nottingham
E02006834,E02002885,30,0,3,0,10,0,1,13,0,1,2,0,Nottingham,Nottingham
E02006834,E02002886,25,0,0,1,7,0,0,12,1,1,3,0,Nottingham,Nottingham
E02006834,E02002888,12,0,0,0,4,0,0,5,1,1,1,0,Nottingham,Nottingham
E02006834,E02002889,57,0,0,0,37,0,0,17,0,0,2,1,Nottingham,Nottingham
E02006834,E02002890,116,0,2,0,74,0,1,28,1,0,10,0,Nottingham,Nottingham
E02006834,E02002891,21,0,0,0,3,1,0,11,3,0,3,0,Nottingham,Nottingham
E02006834,E02002892,24,0,0,0,9,0,0,13,2,0,0,0,Nottingham,Nottingham
E02006834,E02002893,23,0,0,0,5,0,2,15,0,0,0,1,Nottingham,Nottingham
E02006834,E02002895,48,0,0,0,22,0,0,22,2,0,2,0,Nottingham,Nottingham
E02006834,E02002896,67,0,0,0,39,1,2,23,1,0,1,0,Nottingham,Nottingham
E02006834,E02002898,119,0,0,0,48,0,0,57,7,4,3,0,Nottingham,Nottingham
E02006834,E02002899,17,0,0,0,4,0,1,10,0,2,0,0,Nottingham,Nottingham
E02006834,E02006834,110,0,0,0,14,0,0,35,5,3,53,0,Nottingham,Nottingham
E02006834,E02006835,23,0,0,0,5,0,0,8,1,1,8,0,Nottingham,Nottingham
E02006834,E02006904,212,0,5,0,127,0,2,60,5,3,10,0,Nottingham,Nottingham
E02006834,E02006905,75,0,0,0,25,0,0,48,0,1,1,0,Nottingham,Nottingham
E02006835,E02002868,44,0,0,0,2,2,0,27,4,0,9,0,Nottingham,Nottingham
E02006835,E02002869,53,0,0,0,13,1,0,31,2,2,4,0,Nottingham,Nottingham
E02006835,E02002871,18,0,0,0,5,0,0,9,1,0,3,0,Nottingham,Nottingham
E02006835,E02002872,36,0,0,0,2,0,1,28,3,1,1,0,Nottingham,Nottingham
E02006835,E02002874,134,0,3,1,22,3,2,82,13,4,4,0,Nottingham,Nottingham
E02006835,E02002875,28,0,0,0,2,0,1,24,1,0,0,0,Nottingham,Nottingham
E02006835,E02002876,21,0,1,0,2,0,1,16,1,0,0,0,Nottingham,Nottingham
E02006835,E02002877,30,0,0,0,8,0,0,22,0,0,0,0,Nottingham,Nottingham
E02006835,E02002879,36,0,0,0,7,0,3,24,1,1,0,0,Nottingham,Nottingham
E02006835,E02002881,20,0,0,0,1,0,0,18,1,0,0,0,Nottingham,Nottingham
E02006835,E02002882,12,0,0,0,3,0,0,8,1,0,0,0,Nottingham,Nottingham
E02006835,E02002883,18,0,0,0,5,0,0,12,1,0,0,0,Nottingham,Nottingham
E02006835,E02002884,41,0,0,0,14,0,1,25,0,0,1,0,Nottingham,Nottingham
E02006835,E02002885,20,0,1,0,0,0,0,18,0,1,0,0,Nottingham,Nottingham
E02006835,E02002886,16,0,0,0,0,0,0,14,2,0,0,0,Nottingham,Nottingham
E02006835,E02002887,16,0,0,0,0,0,0,16,0,0,0,0,Nottingham,Nottingham
E02006835,E02002888,13,0,0,0,3,0,0,10,0,0,0,0,Nottingham,Nottingham
E02006835,E02002889,55,0,2,1,16,0,1,31,3,0,0,1,Nottingham,Nottingham
E02006835,E02002890,87,0,3,0,41,0,1,38,4,0,0,0,Nottingham,Nottingham
E02006835,E02002892,16,0,0,0,2,0,1,13,0,0,0,0,Nottingham,Nottingham
E02006835,E02002893,28,0,0,0,0,1,0,25,2,0,0,0,Nottingham,Nottingham
E02006835,E02002895,44,0,4,0,13,1,2,20,2,1,0,1,Nottingham,Nottingham
E02006835,E02002896,38,0,1,0,7,0,0,28,1,0,1,0,Nottingham,Nottingham
E02006835,E02002898,72,0,0,0,17,0,1,49,4,1,0,0,Nottingham,Nottingham
E02006835,E02002899,20,0,0,0,2,0,0,15,1,2,0,0,Nottingham,Nottingham
E02006835,E02006834,32,0,0,0,3,0,0,17,4,1,7,0,Nottingham,Nottingham
E02006835,E02006835,101,0,1,0,6,0,1,42,6,1,44,0,Nottingham,Nottingham
E02006835,E02006904,173,0,22,3,67,0,0,73,6,1,0,1,Nottingham,Nottingham
E02006835,E02006905,63,0,1,0,22,0,0,37,3,0,0,0,Nottingham,Nottingham
E02006904,E02002872,15,0,3,0,2,0,0,8,1,0,1,0,Nottingham,Nottingham
E02006904,E02002874,37,0,0,0,21,0,0,9,1,1,5,0,Nottingham,Nottingham
E02006904,E02002879,16,0,0,0,2,0,0,11,1,1,1,0,Nottingham,Nottingham
E02006904,E02002884,26,0,3,0,3,0,0,13,1,0,6,0,Nottingham,Nottingham
E02006904,E02002885,14,0,9,0,1,0,0,4,0,0,0,0,Nottingham,Nottingham
E02006904,E02002886,15,0,0,0,10,0,0,4,0,1,0,0,Nottingham,Nottingham
E02006904,E02002887,19,0,0,0,10,0,0,6,1,1,1,0,Nottingham,Nottingham
E02006904,E02002889,163,0,4,0,14,2,0,20,1,4,116,2,Nottingham,Nottingham
E02006904,E02002890,161,0,0,2,25,0,2,9,1,4,118,0,Nottingham,Nottingham
E02006904,E02002892,13,0,0,0,6,0,0,6,0,1,0,0,Nottingham,Nottingham
E02006904,E02002893,24,0,0,0,5,0,1,13,3,0,2,0,Nottingham,Nottingham
E02006904,E02002895,131,0,1,1,5,0,0,15,2,6,101,0,Nottingham,Nottingham
E02006904,E02002896,62,0,0,1,2,0,0,12,2,14,31,0,Nottingham,Nottingham
E02006904,E02002898,163,0,0,2,63,4,0,42,3,22,26,1,Nottingham,Nottingham
E02006904,E02002899,120,0,0,1,65,0,1,27,2,14,9,1,Nottingham,Nottingham
E02006904,E02006904,775,0,4,7,71,2,2,58,6,16,606,3,Nottingham,Nottingham
E02006904,E02006905,153,0,3,2,34,0,1,33,3,14,63,0,Nottingham,Nottingham
E02006905,E02002869,13,0,0,0,4,0,0,4,2,0,3,0,Nottingham,Nottingham
E02006905,E02002872,24,0,3,0,3,0,3,11,0,0,4,0,Nottingham,Nottingham
E02006905,E02002874,37,0,0,2,8,0,0,19,4,0,3,1,Nottingham,Nottingham
E02006905,E02002877,11,0,1,0,1,0,0,8,1,0,0,0,Nottingham,Nottingham
E02006905,E02002879,22,0,3,0,7,0,0,7,1,0,2,2,Nottingham,Nottingham
E02006905,E02002881,14,0,0,0,3,0,0,7,0,0,4,0,Nottingham,Nottingham
E02006905,E02002884,20,0,0,0,5,0,0,13,0,0,2,0,Nottingham,Nottingham
E02006905,E02002885,14,0,1,0,5,0,0,7,0,0,1,0,Nottingham,Nottingham
E02006905,E02002887,19,0,0,0,12,1,0,4,0,0,2,0,Nottingham,Nottingham
E02006905,E02002888,13,0,0,0,4,0,0,4,0,2,3,0,Nottingham,Nottingham
E02006905,E02002889,85,0,5,2,22,8,0,15,1,6,25,1,Nottingham,Nottingham
E02006905,E02002890,85,0,0,0,28,2,0,7,1,8,38,1,Nottingham,Nottingham
E02006905,E02002892,18,0,1,0,6,0,0,10,0,0,1,0,Nottingham,Nottingham
E02006905,E02002893,25,0,0,0,7,0,0,9,3,1,5,0,Nottingham,Nottingham
E02006905,E02002895,80,0,0,0,12,0,0,11,1,6,50,0,Nottingham,Nottingham
E02006905,E02002896,55,0,0,0,7,3,0,20,2,1,22,0,Nottingham,Nottingham
E02006905,E02002898,176,0,0,0,36,0,2,55,9,32,41,1,Nottingham,Nottingham
E02006905,E02002899,68,0,0,1,9,0,0,25,1,11,20,1,Nottingham,Nottingham
E02006905,E02006904,389,0,4,3,58,1,2,50,14,24,230,3,Nottingham,Nottingham
E02006905,E02006905,361,0,1,1,41,1,1,81,10,29,196,0,Nottingham,Nottingham
